image_name,Type_1,Type_2,Type_3
0.jpg,0.000126220053062,5.68548966839e-05,0.999816954136
1.jpg,8.60727709551e-07,2.16130246145e-07,0.999998927116
2.jpg,0.000506969634444,0.00024369226594,0.999249279499
3.jpg,7.57558518671e-05,2.59290645772e-05,0.999898314476
4.jpg,1.76388334694e-06,4.24321456194e-07,0.999997854233
5.jpg,1.08677954813e-06,3.10423246219e-07,0.999998569489
6.jpg,4.53120919701e-05,1.63691875059e-05,0.999938368797
7.jpg,1.13033266302e-07,1.98510985427e-08,0.999999880791
8.jpg,0.000420360069256,0.000273802870652,0.999305844307
9.jpg,1.45037192851e-05,9.11609913601e-06,0.999976396561
10.jpg,1.87436926353e-05,6.1779560383e-06,0.999975085258
11.jpg,1.70332714333e-05,6.90050410412e-06,0.999976038933
12.jpg,5.96804966335e-07,2.06052320095e-07,0.999999165535
13.jpg,1.24844527818e-05,4.12359213442e-06,0.999983429909
14.jpg,7.75096305006e-06,2.64537152361e-06,0.999989628792
15.jpg,3.48305297848e-06,1.41850750879e-06,0.999995112419
16.jpg,0.000183190553798,8.51247605169e-05,0.999731719494
17.jpg,0.000240920431679,0.000141978860484,0.999617099762
18.jpg,3.0588341815e-06,1.0955803873e-06,0.999995827675
19.jpg,2.16275602725e-05,8.17912314233e-06,0.999970197678
20.jpg,9.54123606789e-06,4.35611491412e-06,0.999986052513
21.jpg,1.66702662341e-07,3.93907662044e-08,0.999999761581
22.jpg,4.574743798e-06,1.82379551461e-06,0.999993562698
23.jpg,1.21155551369e-07,2.13545554573e-08,0.999999880791
24.jpg,3.46086380887e-05,1.40055635711e-05,0.99995136261
25.jpg,1.06154502646e-05,3.33119533025e-06,0.999986052513
26.jpg,3.37304300047e-05,2.02164483198e-05,0.999945998192
27.jpg,2.12502413888e-06,5.81955703183e-07,0.999997258186
28.jpg,9.85679525911e-06,3.5067475892e-06,0.99998664856
29.jpg,3.67563443433e-05,1.28785577544e-05,0.999950408936
30.jpg,0.000300762767438,0.000151735337568,0.999547421932
31.jpg,4.23208848588e-06,1.26130657918e-06,0.999994516373
32.jpg,7.51894476707e-05,2.59125445154e-05,0.999898910522
33.jpg,7.918939815e-08,1.34567734733e-08,0.999999880791
34.jpg,1.46159194969e-07,3.76813247271e-08,0.999999761581
35.jpg,6.2504568632e-06,2.40654617301e-06,0.999991297722
36.jpg,7.30333049432e-05,3.14919525408e-05,0.999895453453
37.jpg,9.99680196401e-06,3.12253814627e-06,0.999986886978
38.jpg,5.15330611961e-07,1.63942289078e-07,0.999999284744
39.jpg,0.0016070533311,0.00057873793412,0.997814178467
40.jpg,1.17008003144e-05,3.75284776055e-06,0.999984502792
41.jpg,5.94081393501e-05,2.76375485555e-05,0.999912977219
42.jpg,6.66667347105e-06,2.14674105337e-06,0.999991178513
43.jpg,3.55909173777e-06,1.07507401026e-06,0.999995350838
44.jpg,7.21657997929e-05,2.26854863286e-05,0.999905109406
45.jpg,1.10677801786e-05,4.23708706876e-06,0.999984741211
46.jpg,1.31461956698e-05,3.23883136844e-06,0.999983668327
47.jpg,0.000208549739909,0.000133486988489,0.999657988548
48.jpg,0.000441734708147,0.000217846332816,0.999340355396
49.jpg,5.65172967981e-07,1.65394581586e-07,0.999999284744
50.jpg,0.000365026644431,0.000221771362703,0.999413251877
51.jpg,5.70547417738e-05,2.8437396395e-05,0.999914526939
52.jpg,4.15945396526e-06,1.92694642465e-06,0.999993920326
53.jpg,0.000449080340331,0.000152129447088,0.999398827553
54.jpg,2.20257461478e-05,8.97248446563e-06,0.999969005585
55.jpg,6.0799887347e-10,6.35054994702e-11,1.0
56.jpg,2.2878361051e-05,6.69021483191e-06,0.999970436096
57.jpg,5.17339594808e-06,1.8546290903e-06,0.999992966652
58.jpg,3.56594318873e-05,1.36532353281e-05,0.999950647354
59.jpg,2.31294598052e-05,8.57714258018e-06,0.999968290329
60.jpg,2.25569738177e-06,5.87913859817e-07,0.999997138977
61.jpg,0.00446940679103,0.00275988900103,0.992770731449
62.jpg,8.09484663478e-06,3.04805894302e-06,0.999988913536
63.jpg,4.00220052654e-08,1.05553148444e-08,1.0
64.jpg,0.00140764808748,0.00068247935269,0.997909843922
65.jpg,1.54577282956e-05,6.78620290273e-06,0.999977707863
66.jpg,5.42863517694e-06,1.86502416e-06,0.999992728233
67.jpg,0.0004489243438,0.000172494896105,0.999378561974
68.jpg,1.8256401745e-05,9.59875615081e-06,0.999972105026
69.jpg,2.82809887722e-05,8.67894596013e-06,0.99996304512
70.jpg,1.84172819218e-07,3.54690925519e-08,0.999999761581
71.jpg,0.000139574287459,4.58890099253e-05,0.99981456995
72.jpg,0.000144488818478,6.96106362739e-05,0.999785959721
73.jpg,2.27472246479e-05,1.32195846163e-05,0.999963998795
74.jpg,3.88313528674e-05,1.46368165588e-05,0.999946475029
75.jpg,1.31804517878e-05,7.25645941202e-06,0.999979615211
76.jpg,3.7843899463e-06,9.91996330413e-07,0.999995231628
77.jpg,8.5196042221e-08,2.44652849091e-08,0.999999880791
78.jpg,7.37526124794e-06,3.32043759954e-06,0.999989271164
79.jpg,5.4691886362e-06,1.76411140274e-06,0.999992728233
80.jpg,0.000279266474536,0.000142492048326,0.999578297138
81.jpg,2.02325118153e-05,7.32107309886e-06,0.999972462654
82.jpg,2.11977726394e-06,7.15513237992e-07,0.999997138977
83.jpg,2.46180916292e-05,9.63410366239e-06,0.999965786934
84.jpg,0.000155516361701,6.46732587484e-05,0.999779880047
85.jpg,0.000856997270603,0.000354614196112,0.998788416386
86.jpg,1.38335944939e-05,5.03040519106e-06,0.999981164932
87.jpg,1.95320353669e-05,6.4563378146e-06,0.999974012375
88.jpg,0.00517465593293,0.00290512247011,0.991920232773
89.jpg,8.19596534711e-05,3.21757906931e-05,0.999885797501
90.jpg,8.05387116998e-06,2.3683874133e-06,0.999989628792
91.jpg,4.78678448417e-05,2.19622179429e-05,0.999930143356
92.jpg,5.23725532275e-07,1.11356492027e-07,0.999999403954
93.jpg,3.25025609982e-07,6.15069950527e-08,0.999999642372
94.jpg,0.000818054191768,0.000501392118167,0.998680531979
95.jpg,2.73068744718e-05,9.66212155618e-06,0.99996304512
96.jpg,5.32547062448e-07,1.22020168192e-07,0.999999403954
97.jpg,0.000259814347373,0.000121125412988,0.999619007111
98.jpg,9.48722590692e-05,4.21119184466e-05,0.999863028526
99.jpg,2.5796061891e-06,8.67632024892e-07,0.999996542931
100.jpg,9.0055345936e-06,3.54486724063e-06,0.999987483025
101.jpg,1.66065419194e-07,3.25280353763e-08,0.999999761581
102.jpg,2.74506192e-07,8.02275934575e-08,0.999999642372
103.jpg,6.01272677159e-06,1.63109552886e-06,0.999992370605
104.jpg,7.19137574379e-07,1.98495598625e-07,0.999999046326
105.jpg,0.00014885647397,6.7889712227e-05,0.999783217907
106.jpg,6.29665591987e-05,1.88750036614e-05,0.999918103218
107.jpg,5.77761493332e-05,1.70405110111e-05,0.999925136566
108.jpg,0.000111369095976,6.07577021583e-05,0.999827861786
109.jpg,0.00268075917847,0.001431523473,0.995887696743
110.jpg,9.95406589936e-05,3.54105286533e-05,0.999865055084
111.jpg,2.6480465749e-05,1.04875944089e-05,0.99996304512
112.jpg,3.09858342007e-06,1.70637326846e-06,0.999995231628
113.jpg,1.54707140609e-05,7.16206022844e-06,0.999977350235
114.jpg,5.29722547071e-06,1.88583032923e-06,0.999992847443
115.jpg,7.03078694642e-05,2.40512526943e-05,0.999905586243
116.jpg,0.0006077135331,0.000301113235764,0.999091148376
117.jpg,8.59941246745e-06,4.06585331802e-06,0.999987363815
118.jpg,2.75952129414e-06,1.17145509648e-06,0.999996066093
119.jpg,0.000192026782315,8.7288695795e-05,0.99972063303
120.jpg,1.5563616671e-06,5.71835300889e-07,0.999997854233
121.jpg,1.32008022291e-08,2.26244800672e-09,1.0
122.jpg,9.88674855762e-06,3.86774991057e-06,0.999986290932
123.jpg,0.000247581250733,0.000112515197543,0.999639868736
124.jpg,1.9876188162e-06,6.26939311132e-07,0.999997377396
125.jpg,1.10231294457e-05,4.09704489357e-06,0.99998486042
126.jpg,0.000107913685497,4.91022947244e-05,0.999843001366
127.jpg,0.000216691681999,0.000119368967717,0.999663949013
128.jpg,1.06282914203e-06,3.59312394949e-07,0.999998569489
129.jpg,1.79996241059e-05,5.14011753694e-06,0.999976873398
130.jpg,2.0529350877e-06,7.35463856927e-07,0.999997258186
131.jpg,1.40679546234e-07,3.31281206911e-08,0.999999880791
132.jpg,5.45882394363e-05,3.03414381051e-05,0.999915003777
133.jpg,1.12413749775e-06,3.88705331034e-07,0.999998450279
134.jpg,8.96158599062e-05,3.19702230627e-05,0.999878406525
135.jpg,3.46137894667e-05,1.20703498396e-05,0.999953269958
136.jpg,3.48935054717e-06,1.23615927805e-06,0.999995231628
137.jpg,8.18697371869e-05,2.66431688942e-05,0.999891519547
138.jpg,0.000895547622349,0.000371251342585,0.998733222485
139.jpg,2.14844894799e-05,8.78357968759e-06,0.99996972084
140.jpg,0.000337582547218,0.000214900617721,0.999447524548
141.jpg,1.16825394798e-05,3.56496161658e-06,0.999984741211
142.jpg,8.08625554782e-05,4.65816046926e-05,0.999872565269
143.jpg,1.67460871126e-06,7.03082378095e-07,0.999997615814
144.jpg,3.84768318327e-05,1.23818417705e-05,0.999949097633
145.jpg,3.3651875242e-07,6.36106705088e-08,0.999999642372
146.jpg,1.53012315423e-05,5.22387517776e-06,0.999979496002
147.jpg,1.59402535616e-08,1.75122794044e-09,1.0
148.jpg,4.703695231e-05,1.53517194121e-05,0.999937653542
149.jpg,0.000168991449755,7.7286735177e-05,0.999753773212
150.jpg,9.6648982435e-06,4.13335146732e-06,0.999986171722
151.jpg,1.42208477882e-06,4.28504790762e-07,0.999998092651
152.jpg,1.34847132358e-05,5.4255442592e-06,0.999981045723
153.jpg,2.15933823711e-06,7.53444169277e-07,0.999997138977
154.jpg,3.30387774738e-05,1.40701658893e-05,0.999952912331
155.jpg,3.55247379957e-06,7.49658681798e-07,0.999995708466
156.jpg,1.28670387767e-06,3.63747886922e-07,0.99999833107
157.jpg,3.72460126528e-05,1.32902941914e-05,0.999949455261
158.jpg,3.98272732127e-06,1.29612328692e-06,0.999994754791
159.jpg,0.00154334714171,0.00093946303241,0.997517228127
160.jpg,0.000102483980299,4.21471595473e-05,0.999855399132
161.jpg,8.11178415461e-06,3.35318350153e-06,0.999988555908
162.jpg,3.94745757148e-06,1.39689848311e-06,0.999994635582
163.jpg,3.04445848087e-07,9.63508099971e-08,0.999999642372
164.jpg,5.1122467994e-05,2.3048813091e-05,0.999925851822
165.jpg,1.02031478377e-07,2.39207569308e-08,0.999999880791
166.jpg,0.000108909480332,5.32714511792e-05,0.999837756157
167.jpg,0.000188695805264,8.18090193206e-05,0.999729454517
168.jpg,1.78908721864e-05,6.66834921503e-06,0.999975442886
169.jpg,1.97045683308e-05,6.61695457893e-06,0.999973654747
170.jpg,6.0243975895e-05,1.81289342436e-05,0.999921679497
171.jpg,6.39105905975e-08,9.90249393595e-09,0.999999880791
172.jpg,0.000234765844652,0.00011876856297,0.999646425247
173.jpg,1.1556555819e-06,2.19056474293e-07,0.999998569489
174.jpg,5.95378196522e-06,9.92802483779e-07,0.999993085861
175.jpg,1.27496400637e-06,5.43791657037e-07,0.999998211861
176.jpg,5.36800689588e-06,2.52154791269e-06,0.999992132187
177.jpg,2.63600850303e-06,1.01277998965e-06,0.999996304512
178.jpg,0.000328139634803,0.00015665095998,0.999515175819
179.jpg,4.76281712736e-07,1.64085733445e-07,0.999999403954
180.jpg,0.000101483834442,4.24902609666e-05,0.999855995178
181.jpg,6.09141607129e-05,1.79852031579e-05,0.99992108345
182.jpg,6.94356685926e-06,2.42295232056e-06,0.999990582466
183.jpg,0.000165301884408,7.99662520876e-05,0.999754726887
184.jpg,1.32377608679e-05,7.73895862949e-06,0.999979019165
185.jpg,0.00018150737742,6.5821550379e-05,0.999752700329
186.jpg,1.03466672954e-05,3.53566224476e-06,0.999986171722
187.jpg,1.04559120473e-07,2.44353444145e-08,0.999999880791
188.jpg,1.30178841573e-05,4.98211693412e-06,0.999981999397
189.jpg,1.42611161209e-05,4.40918756794e-06,0.999981284142
190.jpg,2.69994302471e-07,5.61006885391e-08,0.999999642372
191.jpg,3.1939613109e-05,1.38924106068e-05,0.999954223633
192.jpg,0.000400436198106,0.000190627484699,0.999408960342
193.jpg,0.000314322736813,0.000162486656336,0.999523162842
194.jpg,5.26803087268e-05,1.88885951502e-05,0.999928474426
195.jpg,1.48860481204e-05,6.51741356705e-06,0.999978542328
196.jpg,0.000109871216409,6.67753847665e-05,0.999823391438
197.jpg,3.76250932277e-06,1.26008819734e-06,0.99999499321
198.jpg,0.000116552160762,4.05516184401e-05,0.999842882156
199.jpg,5.99874965701e-07,1.40605692422e-07,0.999999284744
200.jpg,0.000319964601658,0.000191725266632,0.99948823452
201.jpg,1.12486995931e-05,4.02147998102e-06,0.999984741211
202.jpg,6.40690018372e-07,1.37266837896e-07,0.999999165535
203.jpg,1.21628318084e-05,6.43379098619e-06,0.999981403351
204.jpg,9.75412422122e-06,3.1723830034e-06,0.999987125397
205.jpg,2.98165794277e-08,7.2116081995e-09,1.0
206.jpg,3.35394579452e-05,1.6228927052e-05,0.999950170517
207.jpg,3.49865986209e-05,1.81515697477e-05,0.999946832657
208.jpg,4.72398170359e-07,1.06905787334e-07,0.999999403954
209.jpg,2.4755623599e-05,8.78637365531e-06,0.99996650219
210.jpg,1.8393782053e-09,2.25667179388e-10,1.0
211.jpg,2.01998454941e-06,4.73729926398e-07,0.999997496605
212.jpg,9.89520344774e-07,3.99801592721e-07,0.999998569489
213.jpg,3.27145244228e-05,1.33999565151e-05,0.999953866005
214.jpg,3.58958932338e-05,1.22799783639e-05,0.999951839447
215.jpg,3.10808360382e-07,6.45458868576e-08,0.999999642372
216.jpg,1.43281467899e-05,5.32468675374e-06,0.999980330467
217.jpg,0.00035317541915,0.000201967341127,0.999444901943
218.jpg,5.07360539359e-07,2.0353797936e-07,0.999999284744
219.jpg,0.000515748513862,0.000309133640258,0.999175131321
220.jpg,4.60695400761e-06,1.80253391591e-06,0.999993562698
221.jpg,1.42903058986e-06,4.59051761936e-07,0.999998092651
222.jpg,0.00109186943155,0.000654316798318,0.998253762722
223.jpg,4.8674928621e-06,1.34228685056e-06,0.999993801117
224.jpg,8.08483218862e-06,2.99504222312e-06,0.999988913536
225.jpg,0.000196492066607,0.000102139885712,0.999701321125
226.jpg,4.99406041854e-06,1.84204748166e-06,0.99999320507
227.jpg,1.07819278128e-06,2.32200036976e-07,0.999998688698
228.jpg,0.000639415520709,0.000366997963283,0.998993575573
229.jpg,0.000175006411155,9.17439028854e-05,0.999733269215
230.jpg,2.88874543912e-05,7.77864624979e-06,0.999963283539
231.jpg,4.35591300629e-06,1.6913716081e-06,0.999993920326
232.jpg,3.42236780853e-05,1.05638810055e-05,0.999955177307
233.jpg,0.000585627101827,0.000359654339263,0.999054729939
234.jpg,4.33090320939e-07,1.21703251921e-07,0.999999403954
235.jpg,2.37242829826e-06,7.00310067714e-07,0.999996900558
236.jpg,0.00010233186913,4.93977022415e-05,0.999848246574
237.jpg,1.76826870302e-05,6.33631816527e-06,0.999976038933
238.jpg,3.01590330309e-06,1.20763729683e-06,0.999995827675
239.jpg,0.000155482397531,6.56271586195e-05,0.999778926373
240.jpg,5.49288915863e-06,1.61090088113e-06,0.999992847443
241.jpg,0.00384710170329,0.00224948953837,0.993903338909
242.jpg,1.59486189659e-05,6.4239625317e-06,0.999977588654
243.jpg,0.00439695920795,0.00239843502641,0.993204593658
244.jpg,9.4412071121e-06,2.72612214758e-06,0.999987840652
245.jpg,2.34722483583e-05,7.86402597441e-06,0.999968647957
246.jpg,6.2866170083e-06,2.77227650258e-06,0.999990940094
247.jpg,5.857464771e-07,1.38470696243e-07,0.999999284744
248.jpg,2.88758983515e-05,1.21409002531e-05,0.999958992004
249.jpg,8.22687070468e-07,2.367491021e-07,0.999998927116
250.jpg,3.11396001962e-06,9.82581582321e-07,0.999995946884
251.jpg,5.44262306335e-08,9.01436258971e-09,0.999999880791
252.jpg,5.3676943935e-05,2.81882767013e-05,0.999918103218
253.jpg,5.49563355889e-06,1.71732665422e-06,0.999992728233
254.jpg,0.000134938396513,5.57443272555e-05,0.999809324741
255.jpg,1.00490688055e-05,4.04529509979e-06,0.999985933304
256.jpg,1.01532450572e-05,3.48289677277e-06,0.999986410141
257.jpg,3.54594558303e-05,1.67249436345e-05,0.999947786331
258.jpg,1.17210947792e-06,3.46728739942e-07,0.999998450279
259.jpg,5.33880620424e-06,2.09583299693e-06,0.999992609024
260.jpg,8.35305763758e-06,3.47994091499e-06,0.99998819828
261.jpg,3.20153321809e-06,1.1114626659e-06,0.999995708466
262.jpg,1.11987055789e-05,3.89226215702e-06,0.99998486042
263.jpg,7.66920929891e-05,2.3514701752e-05,0.999899744987
264.jpg,1.0061072544e-06,3.15531622164e-07,0.999998688698
265.jpg,1.89036290976e-05,7.69498819864e-06,0.999973416328
266.jpg,1.0386820577e-06,3.54050257556e-07,0.999998569489
267.jpg,1.82142343874e-06,5.63482160487e-07,0.999997615814
268.jpg,0.000346408516634,0.000135241003591,0.99951839447
269.jpg,1.7222157112e-05,5.92091237195e-06,0.999976873398
270.jpg,3.18430920743e-07,7.7632982709e-08,0.999999642372
271.jpg,7.67380843172e-05,3.34443611791e-05,0.999889850616
272.jpg,2.46116724156e-05,1.18694752018e-05,0.999963521957
273.jpg,5.42654415767e-05,1.7342837964e-05,0.999928355217
274.jpg,0.000562684203032,0.000273960235063,0.999163389206
275.jpg,2.28628573495e-06,9.15182113204e-07,0.999996781349
276.jpg,3.82386087949e-06,1.06545076051e-06,0.999995112419
277.jpg,0.000651116832159,0.000312431046041,0.999036431313
278.jpg,9.3026092145e-06,3.04087188852e-06,0.999987602234
279.jpg,0.000321281258948,0.000210622019949,0.999468147755
280.jpg,0.000251728954026,0.000147415179526,0.999600827694
281.jpg,4.36443588114e-05,1.94358599401e-05,0.999936938286
282.jpg,1.66870195244e-05,4.38795541413e-06,0.999978899956
283.jpg,1.46221227624e-05,5.58933334105e-06,0.999979734421
284.jpg,6.41775432086e-06,3.42442149304e-06,0.999990105629
285.jpg,4.88373552798e-06,2.02565865948e-06,0.999993085861
286.jpg,1.0286773886e-06,2.72131870815e-07,0.999998688698
287.jpg,5.30326751402e-08,9.95208448984e-09,0.999999880791
288.jpg,1.14828517326e-05,3.85831617677e-06,0.999984622002
289.jpg,1.54892609316e-06,4.0786488853e-07,0.999998092651
290.jpg,0.000131265289383,7.71618724684e-05,0.999791562557
291.jpg,9.28826102609e-06,3.75773151973e-06,0.999987006187
292.jpg,0.000684035010636,0.000267298310064,0.999048650265
293.jpg,1.45203705415e-06,5.54922053198e-07,0.999997973442
294.jpg,4.07306288253e-06,1.20742640775e-06,0.999994754791
295.jpg,5.10791614943e-05,2.65974267677e-05,0.999922275543
296.jpg,2.32619076996e-05,9.07084722712e-06,0.999967694283
297.jpg,9.32788509544e-07,2.73903737025e-07,0.999998807907
298.jpg,0.000151556465426,7.96825843281e-05,0.999768793583
299.jpg,0.000312598102028,0.00013388429943,0.999553501606
300.jpg,4.74707009812e-11,7.18978739392e-12,1.0
301.jpg,0.000235654079006,0.000105604020064,0.999658703804
302.jpg,7.31741693016e-07,2.83909059817e-07,0.999998927116
303.jpg,5.37033670867e-08,9.22846687956e-09,0.999999880791
304.jpg,0.00115192588419,0.000695698021445,0.998152315617
305.jpg,2.40412805397e-06,5.55296878701e-07,0.999997019768
306.jpg,2.20928563976e-06,5.79713400839e-07,0.999997258186
307.jpg,4.99199359183e-07,1.97336916585e-07,0.999999284744
308.jpg,0.00270052277483,0.00214316416532,0.995156288147
309.jpg,0.000171692896402,8.34478778415e-05,0.999744832516
310.jpg,5.22544178239e-05,2.93712819257e-05,0.999918341637
311.jpg,5.3166590078e-05,2.8107118851e-05,0.999918699265
312.jpg,3.52143360942e-05,1.46965803651e-05,0.999950051308
313.jpg,2.25556541409e-05,6.8508552431e-06,0.999970555305
314.jpg,7.63455173001e-05,3.36333032465e-05,0.999889969826
315.jpg,6.61130968638e-07,2.50087708764e-07,0.999999046326
316.jpg,0.000246596842771,0.000155089292093,0.999598324299
317.jpg,1.02244723621e-06,2.94321040428e-07,0.999998688698
318.jpg,0.00019309738127,7.31641921448e-05,0.999733746052
319.jpg,8.45358681545e-06,3.09516008201e-06,0.999988436699
320.jpg,8.50871001603e-05,3.90779168811e-05,0.99987578392
321.jpg,0.000615942873992,0.000218509347178,0.999165534973
322.jpg,8.16593965283e-05,4.91819337185e-05,0.9998691082
323.jpg,3.64907100447e-05,1.53356668307e-05,0.999948143959
324.jpg,0.000233887258219,0.000113527668873,0.99965262413
325.jpg,1.87957116538e-09,3.25835858295e-10,1.0
326.jpg,1.34234078359e-05,4.56370526081e-06,0.999981999397
327.jpg,2.99778685076e-06,9.61590330917e-07,0.999996066093
328.jpg,2.26502634177e-05,9.6812409538e-06,0.999967694283
329.jpg,3.1997456972e-05,8.57101531437e-06,0.999959468842
330.jpg,7.84418807598e-06,2.9216648727e-06,0.999989271164
331.jpg,0.0240373983979,0.0179580505937,0.958004593849
332.jpg,1.1172248378e-05,5.05986872668e-06,0.999983787537
333.jpg,5.78654635319e-06,2.07733978641e-06,0.999992132187
334.jpg,4.998143595e-06,1.96302312361e-06,0.999993085861
335.jpg,9.04866965357e-07,2.12098527186e-07,0.999998927116
336.jpg,5.54770576855e-06,2.0340064566e-06,0.999992370605
337.jpg,9.93887442746e-05,4.17868177465e-05,0.999858856201
338.jpg,0.000427132297773,0.000247941992711,0.999324917793
339.jpg,1.00912423306e-07,2.61442423266e-08,0.999999880791
340.jpg,3.27289399138e-06,1.37660470045e-06,0.999995350838
341.jpg,8.41220480652e-06,3.6044098124e-06,0.999987959862
342.jpg,5.37617233931e-05,1.9568231437e-05,0.999926686287
343.jpg,7.63214047765e-05,3.30221737386e-05,0.999890685081
344.jpg,9.08000947675e-06,2.61067953033e-06,0.99998831749
345.jpg,0.000132920380565,7.70138431108e-05,0.999790132046
346.jpg,4.839529538e-06,1.6122468196e-06,0.999993562698
347.jpg,4.46148660558e-05,2.67235554929e-05,0.999928712845
348.jpg,1.22661222122e-05,4.2605465751e-06,0.999983429909
349.jpg,4.18998453711e-08,7.77648700989e-09,1.0
350.jpg,1.82810583738e-06,5.35999220119e-07,0.999997615814
351.jpg,4.35949630173e-07,9.81801520084e-08,0.999999523163
352.jpg,1.00734098396e-06,2.25545477406e-07,0.999998807907
353.jpg,1.41018530186e-08,3.77254671946e-09,1.0
354.jpg,3.01245308947e-05,1.58234852279e-05,0.999954104424
355.jpg,0.000462626805529,0.000310548493871,0.999226808548
356.jpg,2.66195542054e-07,4.92106160266e-08,0.999999642372
357.jpg,7.33546403353e-05,3.74863302568e-05,0.999889135361
358.jpg,1.48548133438e-05,6.081578249e-06,0.999979019165
359.jpg,9.06548211788e-06,2.64908203462e-06,0.99998831749
360.jpg,0.000177780326339,9.09168884391e-05,0.999731242657
361.jpg,9.92264813249e-06,3.23055269291e-06,0.999986886978
362.jpg,0.000196193053853,8.70412986842e-05,0.999716699123
363.jpg,8.92653224582e-06,2.93779407912e-06,0.999988079071
364.jpg,1.46707463955e-07,3.00259657138e-08,0.999999880791
365.jpg,4.78408837807e-05,1.50831610881e-05,0.999937057495
366.jpg,6.11712539467e-06,2.39091332332e-06,0.99999153614
367.jpg,4.26545057053e-06,1.53473501996e-06,0.999994158745
368.jpg,7.85294541856e-05,2.14892024815e-05,0.999899983406
369.jpg,3.73812184762e-07,1.26840760117e-07,0.999999523163
370.jpg,1.13209443953e-06,3.95109054807e-07,0.999998450279
371.jpg,0.000317060592351,0.000208485216717,0.999474465847
372.jpg,6.75200499245e-06,2.61397644863e-06,0.999990582466
373.jpg,3.47919012711e-05,1.31096376208e-05,0.999952077866
374.jpg,2.36547271015e-06,5.45406862784e-07,0.999997138977
375.jpg,9.44892053667e-06,2.31714602705e-06,0.99998819828
376.jpg,6.00953740104e-07,1.56095339321e-07,0.999999284744
377.jpg,2.30867698292e-07,4.52582291643e-08,0.999999761581
378.jpg,0.000760210619774,0.000443339173216,0.998796463013
379.jpg,0.000101372752397,4.10932807426e-05,0.999857544899
380.jpg,0.0002323036897,0.000130894477479,0.999636769295
381.jpg,9.67456003309e-07,2.23379373665e-07,0.999998807907
382.jpg,4.9333593779e-05,2.40097033384e-05,0.999926686287
383.jpg,3.47512104781e-06,1.00254669633e-06,0.999995470047
384.jpg,9.45297301769e-07,2.959872063e-07,0.999998807907
385.jpg,6.34767129668e-05,2.38435259234e-05,0.999912619591
386.jpg,0.000548079959117,0.000269307085546,0.999182641506
387.jpg,0.00143845519051,0.000699593452737,0.997861921787
388.jpg,1.58859111252e-05,3.66101767213e-06,0.999980449677
389.jpg,2.73014421737e-07,8.80289547922e-08,0.999999642372
390.jpg,2.39667569986e-05,1.14794565889e-05,0.999964594841
391.jpg,2.62512315885e-07,6.38111856688e-08,0.999999642372
392.jpg,0.000298037979519,0.000126904225908,0.999575078487
393.jpg,0.000105278486444,7.61693227105e-05,0.999818623066
394.jpg,2.06971549233e-06,6.25319842129e-07,0.999997258186
395.jpg,2.3880645017e-08,4.98473173849e-09,1.0
396.jpg,0.000221858237637,0.000110694025352,0.999667406082
397.jpg,3.23375861626e-05,1.4588457816e-05,0.99995303154
398.jpg,3.69373901776e-06,1.34853701184e-06,0.99999499321
399.jpg,0.000441668351414,0.000196627355763,0.999361693859
400.jpg,1.51340109369e-05,5.68590485273e-06,0.999979138374
401.jpg,2.31757021538e-05,9.16284261621e-06,0.999967694283
402.jpg,1.14690294595e-06,2.79061254105e-07,0.999998569489
403.jpg,6.49069352221e-06,1.52302220613e-06,0.999992012978
404.jpg,6.22660809313e-06,2.13425505535e-06,0.99999165535
405.jpg,0.000235504587181,0.000156762616825,0.999607741833
406.jpg,0.00194407615345,0.00135814514942,0.99669778347
407.jpg,7.31791442377e-06,2.59121497947e-06,0.999990105629
408.jpg,1.30865160486e-07,2.67580588798e-08,0.999999880791
409.jpg,0.00020454407786,8.23188092909e-05,0.999713122845
410.jpg,0.000137595226988,5.03624796693e-05,0.999812066555
411.jpg,0.000168463971931,9.87538078334e-05,0.999732792377
412.jpg,5.10786776431e-05,2.56034163613e-05,0.999923348427
413.jpg,4.30885775131e-05,2.05074484256e-05,0.999936342239
414.jpg,5.28542068423e-06,2.16938451558e-06,0.999992489815
415.jpg,1.33546541292e-06,4.01101459602e-07,0.999998211861
416.jpg,5.09045207764e-07,1.05802882899e-07,0.999999403954
417.jpg,3.55629867954e-06,1.28614533423e-06,0.999995112419
418.jpg,1.3788750266e-06,3.90109732962e-07,0.999998211861
419.jpg,3.69747937157e-07,9.13310529427e-08,0.999999523163
420.jpg,6.08748359809e-06,1.88762078324e-06,0.999992012978
421.jpg,5.71511100134e-06,1.51458755226e-06,0.999992728233
422.jpg,0.000183293945156,0.000118653333629,0.99969804287
423.jpg,6.1394534896e-06,1.92892639461e-06,0.999991893768
424.jpg,4.16088460042e-06,1.58087732416e-06,0.999994277954
425.jpg,0.000132751039928,5.87089343753e-05,0.999808609486
426.jpg,3.1811603094e-06,9.83081122286e-07,0.999995827675
427.jpg,1.16422370411e-05,4.21059121436e-06,0.999984145164
428.jpg,1.40152209838e-07,3.73739759141e-08,0.999999880791
429.jpg,0.000176288318471,8.97198915482e-05,0.99973398447
430.jpg,1.34443880597e-05,4.89391732117e-06,0.999981641769
431.jpg,0.000190443664906,9.9953780591e-05,0.999709546566
432.jpg,4.85013651996e-06,1.90773857867e-06,0.99999320507
433.jpg,0.000236478255829,0.000113571120892,0.999650001526
434.jpg,0.000561705033761,0.000282275286736,0.99915599823
435.jpg,3.46940141753e-05,1.35821210279e-05,0.999951720238
436.jpg,2.01304501388e-05,7.23462153474e-06,0.999972581863
437.jpg,4.75608503621e-05,1.32970026243e-05,0.999939084053
438.jpg,6.11981959082e-05,2.24887498916e-05,0.999916315079
439.jpg,3.61509955837e-05,1.7254940758e-05,0.999946594238
440.jpg,7.14224711373e-07,1.88011256341e-07,0.999999046326
441.jpg,0.0010683988221,0.000455734931165,0.998475849628
442.jpg,0.00255932891741,0.00151615554933,0.995924472809
443.jpg,0.000521095527802,0.000307532551233,0.999171376228
444.jpg,2.64200207312e-05,7.90131889516e-06,0.999965667725
445.jpg,7.38580683901e-06,2.106786269e-06,0.999990463257
446.jpg,6.51474965707e-06,2.3128122848e-06,0.999991178513
447.jpg,4.15976273871e-06,1.24696646253e-06,0.999994635582
448.jpg,3.13123859996e-06,8.33135970879e-07,0.999996066093
449.jpg,5.30510260432e-06,2.65882113126e-06,0.999992012978
450.jpg,3.40005897215e-07,8.94215048675e-08,0.999999523163
451.jpg,6.76445415593e-05,3.23704880429e-05,0.999899983406
452.jpg,2.26826486482e-08,5.95700599959e-09,1.0
453.jpg,0.00130620936397,0.000659759854898,0.998034060001
454.jpg,0.000215749256313,0.000108334388642,0.999675989151
455.jpg,0.00026326221996,0.00011505211296,0.999621629715
456.jpg,2.52074241871e-05,1.17450899779e-05,0.99996304512
457.jpg,0.00707740709186,0.0055283382535,0.987394213676
458.jpg,2.33887112699e-06,5.56634631721e-07,0.999997138977
459.jpg,6.87821157044e-05,2.44672228291e-05,0.999906778336
460.jpg,0.00040519158938,0.000235552957747,0.999359309673
461.jpg,5.70144038647e-05,1.47862601807e-05,0.999928236008
462.jpg,1.10126086383e-06,3.39627717949e-07,0.999998569489
463.jpg,1.5104808881e-05,5.09465780851e-06,0.99997985363
464.jpg,0.00628558313474,0.0042892373167,0.989425182343
465.jpg,3.56799246219e-05,2.09930367419e-05,0.999943375587
466.jpg,0.000102129175502,7.16671347618e-05,0.99982625246
467.jpg,0.000103479032987,2.98288287013e-05,0.999866724014
468.jpg,1.46308957483e-06,3.27587429183e-07,0.999998211861
469.jpg,3.29742829308e-06,1.33391745294e-06,0.999995350838
470.jpg,1.62740216183e-05,5.32770354766e-06,0.999978423119
471.jpg,0.000203043236979,0.000101295365312,0.999695658684
472.jpg,2.82242268668e-07,6.88250807457e-08,0.999999642372
473.jpg,0.0010074180318,0.000551338482182,0.998441278934
474.jpg,4.96835127706e-07,1.50487835526e-07,0.999999403954
475.jpg,0.000555864127818,0.000226795586059,0.999217271805
476.jpg,5.56079976377e-06,2.06802837965e-06,0.999992370605
477.jpg,3.84461127396e-05,1.76658359123e-05,0.999943852425
478.jpg,1.8754566554e-05,6.06692219662e-06,0.999975204468
479.jpg,2.55650707004e-06,6.4194478e-07,0.999996781349
480.jpg,4.89623971589e-06,1.64215862242e-06,0.999993443489
481.jpg,1.72049221874e-05,4.85763985125e-06,0.999977946281
482.jpg,2.3436597985e-05,7.8035354818e-06,0.999968767166
483.jpg,0.000105067403638,6.5391381213e-05,0.999829530716
484.jpg,3.4183904063e-07,7.5067724481e-08,0.999999642372
485.jpg,1.67535961282e-06,5.37502160114e-07,0.999997735023
486.jpg,2.42951555265e-05,1.08648237074e-05,0.99996483326
487.jpg,3.32304671247e-06,1.21700634281e-06,0.999995470047
488.jpg,5.16168220202e-05,1.59496485139e-05,0.999932408333
489.jpg,0.00022452432313,8.733831055e-05,0.999688148499
490.jpg,1.52078828251e-05,3.92141691918e-06,0.999980926514
491.jpg,2.08009460039e-05,8.0513273133e-06,0.999971151352
492.jpg,0.00044776906725,0.000229863755521,0.999322414398
493.jpg,0.000681615725625,0.000295600882964,0.999022722244
494.jpg,0.000140236603329,6.4417203248e-05,0.999795377254
495.jpg,8.7257950554e-07,3.35311369781e-07,0.999998807907
496.jpg,2.46776409085e-07,8.57527666653e-08,0.999999642372
497.jpg,0.000167099933606,9.31414615479e-05,0.999739706516
498.jpg,0.000526634219568,0.00033536402043,0.999137997627
499.jpg,2.2118972538e-06,7.63815876326e-07,0.999997019768
500.jpg,9.30819442146e-05,4.42933705926e-05,0.999862551689
501.jpg,1.6160267478e-05,7.38959852242e-06,0.999976396561
502.jpg,4.26204360338e-06,1.3306001847e-06,0.999994397163
503.jpg,9.26477950998e-05,3.36135453836e-05,0.999873757362
504.jpg,2.74752665064e-06,9.66380298451e-07,0.999996304512
505.jpg,0.00324883684516,0.0022760652937,0.994475066662
506.jpg,3.81259305868e-05,1.24095195133e-05,0.999949455261
507.jpg,1.28880055854e-05,3.27979250869e-06,0.999983787537
508.jpg,3.793514054e-07,1.24892139297e-07,0.999999523163
509.jpg,2.04523967113e-05,7.66356606619e-06,0.999971866608
510.jpg,0.000157065194799,7.99185872893e-05,0.999763071537
511.jpg,3.04922305077e-05,1.41202335726e-05,0.999955415726
